CREATE TABLE [CLIENTE]
(
[COD_CLIENTE] NVARCHAR(160) NOT NULL,
[COD_USUARIO] NVARCHAR(160) NOT NULL,
[NOME] NVARCHAR(160) NOT NULL,
[CPF] NVARCHAR(160) NOT NULL,
[ENDERECO] NVARCHAR(160) NOT NULL,
[TELEFONE] NVARCHAR(160) NOT NULL,
CONSTRAINT [PK_CLIENTE] PRIMARY KEY ([COD_CLIENTE]),
CONSTRAINT [FK_USUARIO] FOREIGN KEY ([COD_USUARIO]) REFERENCES USUARIO(COD_USUARIO)
);
CREATE UNIQUE INDEX [IPK_CLIENTE] ON [CLIENTE]([COD_CLIENTE]);

CREATE TABLE [USUARIO]
(
[COD_USUARIO] NVARCHAR(160) NOT NULL,
[LOGIN] NVARCHAR(160) NOT NULL,
[SENHA] NVARCHAR(160) NOT NULL,
[EMAIL] NVARCHAR(160) NOT NULL,
CONSTRAINT [PK_USUARIO] PRIMARY KEY ([COD_USUARIO])
);
CREATE UNIQUE INDEX [IPK_USUARIO] ON[USUARIO]([COD_USUARIO]);

CREATE TABLE [PEDIDO]
(
[COD_PEDIDO] NVARCHAR(160) NOT NULL,
[COD_CLIENTE] NVARCHAR(160) NOT NULL,
[COD_VENDEDOR] NVARCHAR(160) NOT NULL,
[COD_LOJA] NVARCHAR(160) NOT NULL,
[STATUS] NVARCHAR(160) NOT NULL,
[TEMPO_ESPERA] DATETIME NOT NULL,
[VLR_PEDIDO] double(40) NOT NULL,
[DATA] DATETIME NOT NULL,
CONSTRAINT [PK_PEDIDO] PRIMARY KEY ([COD_PEDIDO]),
CONSTRAINT [FK_CLIENTE] FOREIGN KEY ([COD_CLIENTE]) REFERENCES CLIENTE(COD_CLIENTE),
CONSTRAINT [FK_VENDEDOR] FOREIGN KEY ([COD_VENDEDOR]) REFERENCES VENDEDOR(COD_VENDEDOR),
CONSTRAINT [FK_LOJA] FOREIGN KEY ([COD_LOJA]) REFERENCES VENDEDOR(COD_LOJA)
);
CREATE UNIQUE INDEX [IPK_PEDIDO] ON[PEDIDO]([COD_PEDIDO]);

CREATE TABLE [VENDEDOR]
(
[COD_VENDEDOR] NVARCHAR(160) NOT NULL,
[COD_USUARIO] NVARCHAR(160) NOT NULL,
[COD_LOJA] NVARCHAR(160) NOT NULL,
[NOME] NVARCHAR(160) NOT NULL,
[CPF] NVARCHAR(160) NOT NULL,
[ENDERECO] NVARCHAR(160) NOT NULL,
[TELEFONE] NVARCHAR(160) NOT NULL,
[ADMIN] BOOLEAN NOT NULL,
CONSTRAINT [PK_VENDEDOR] PRIMARY KEY ([COD_VENDEDOR]),
CONSTRAINT [FK_USUARIO] FOREIGN KEY ([COD_USUARIO]) REFERENCES USUARIO(COD_USUARIO),
CONSTRAINT [FK_LOJA] FOREIGN KEY ([COD_LOJA]) REFERENCES ESTOQUE(COD_LOJA)
);
CREATE UNIQUE INDEX [IPK_VENDEDOR] ON[VENDEDOR]([COD_VENDEDOR]);

CREATE TABLE [LOJA]
(
[COD_LOJA] NVARCHAR(160) NOT NULL,
[NOME] NVARCHAR(160) NOT NULL,
[ENDERECO] NVARCHAR(160) NOT NULL,
[TELEFONE] NVARCHAR(160) NOT NULL,
CONSTRAINT [PK_LOJA] PRIMARY KEY ([COD_LOJA])
);
CREATE UNIQUE INDEX [IPK_LOJA] ON[LOJA] ([COD_LOJA])

CREATE TABLE [ESTOQUE]
(
[COD_ESTOQUE] NVARCHAR(160) NOT NULL,
[COD_PRODUTO] NVARCHAR(160) NOT NULL,
[COD_LOJA] NVARCHAR(160) NOT NULL,
[QTD_PRODUTO] INTEGER(96) NOT NULL,
CONSTRAINT [PK_ESTOQUE] PRIMARY KEY ([COD_ESTOQUE]),
CONSTRAINT [FK_PRODUTO] FOREIGN KEY ([COD_PRODUTO]) REFERENCES PRODUTO(COD_PRODUTO),
CONSTRAINT [FK_LOJA] FOREIGN KEY ([COD_LOJA]) REFERENCES VENDEDOR(COD_LOJA),
CONSTRAINT [FK_LOJA] FOREIGN KEY ([COD_LOJA]) REFERENCES LOJA(COD_LOJA)
);
CREATE UNIQUE INDEX [IPK_ESTOQUE] ON [ESTOQUE]([COD_ESTOQUE]);

CREATE TABLE [PRODUTO]
(
[COD_PRODUTO] NVARCHAR(160) NOT NULL,
[COD_FORNECEDOR] NVARCHAR(160) NOT NULL,
[NOME] NVARCHAR(160) NOT NULL,
[VLR_PRODUTO] DOUBLE NOT NULL,
CONSTRAINT [PK_PRODUTO] PRIMARY KEY ([COD_PRODUTO]),
CONSTRAINT [FK_FORNECEDOR] FOREIGN KEY ([COD_FORNECEDOR]) REFERENCES FORNECEDOR(COD_FORNECEDOR)
);
CREATE UNIQUE INDEX [IPK_PRODUTO] ON [PRODUTO]([COD_PRODUTO]);

CREATE TABLE [FORNECEDOR]
(
[COD_FORNECEDOR] NVARCHAR(160) NOT NULL,
[NOME] NVARCHAR(160) NOT NULL,
[EMAIL] NVARCHAR(160) NOT NULL,
[ENDERECO] NVARCHAR(160) NOT NULL,
[CNPJ] NVARCHAR(160) NOT NULL,
[TELEFONE] NVARCHAR(160) NOT NULL,
CONSTRAINT [PK_FORNECEDOR] PRIMARY KEY ([COD_FORNECEDOR])
);
CREATE UNIQUE INDEX [IPK_FORNECEDOR] ON[FORNECEDOR]([COD_FORNECEDOR);

CREATE TABLE ITENS_PEDIDO (
    [COD_ITENS_PEDIDO] NVARCHAR(160) NOT NULL,
    [COD_PEDIDO] NVARCHAR(160) NOT NULL,
    [COD_PRODUTO] NVARCHAR(160) NOT NULL,
    [QTD_PRODUTO] INTEGER NOT NULL,
    CONSTRAINT PK_ITENS_PEDIDO PRIMARY KEY (COD_ITENS_PEDIDO),
    CONSTRAINT FK_PEDIDO FOREIGN KEY (COD_PEDIDO) REFERENCES PEDIDO(COD_PEDIDO),
    CONSTRAINT FK_PRODUTO FOREIGN KEY (COD_PRODUTO) REFERENCES PRODUTO(COD_PRODUTO)
);
CREATE UNIQUE INDEX [IPK_ITENS_PEDIDO] ON [ITENS_PEDIDO]([COD_ITENS_PEDIDO]);

CREATE TABLE [RELATORIO]
(
[COD_RELATORIO] NVARCHAR(160) NOT NULL,
[COD_LOJA] NVARCHAR(160) NOT NULL,
[VLR_TOTAL] DOUBLE NOT NULL,
[DATA_INICIO] DATETIME NOT NULL,
[DATA_FIM] DATETIME NOT NULL,
CONSTRAINT [PK_RELATORIO] PRIMARY KEY ([COD_RELATORIO]),
CONSTRAINT [FK_LOJA] FOREIGN KEY ([COD_LOJA]) REFERENCES LOJA(COD_LOJA)
);
CREATE UNIQUE INDEX [IPK_RELATORIO] ON [RELATORIO]([COD_RELATORIO]);

--CLIENTE--
SELECT * FROM CLIENTE c ORDER BY NOME DESC;
SELECT NOME  FROM CLIENTE c WHERE COD_CLIENTE LIKE '%3';
SELECT TELEFONE,ENDERECO  FROM CLIENTE c WHERE NOME LIKE '%JOAO%';
SELECT COD_CLIENTE ,NOME  FROM CLIENTE c WHERE CPF LIKE '529.482.176-60';

INSERT INTO CLIENTE (COD_CLIENTE,COD_USUARIO,NOME,CPF,ENDERECO,TELEFONE)
VALUES (1,1,'JOAO ARAMUNI','14379277518','R. LU 75','995468745');
INSERT INTO CLIENTE (COD_CLIENTE,COD_USUARIO,NOME,CPF,ENDERECO,TELEFONE)
VALUES (2,2,'JÚLIA ALMEIDA','14373498755','R.LU 13','923168749');
INSERT INTO CLIENTE (COD_CLIENTE,COD_USUARIO,NOME,CPF,ENDERECO,TELEFONE)
VALUES (3,3,'MÔNICA MACHADO','529.482.176-60','R.LA 86','438209617');
INSERT INTO CLIENTE (COD_CLIENTE,COD_USUARIO,NOME,CPF,ENDERECO,TELEFONE)
VALUES (4,4,'JACQUELINE SOUZA','315.789.624-80','R.LA 78','976832987');

UPDATE CLIENTE SET NOME = 'NICOLAS KEVIN' WHERE COD_CLIENTE = 4;
UPDATE CLIENTE SET COD_USUARIO = 8 WHERE NOME ='JOAO ARAMUNI';
UPDATE CLIENTE SET NOME = 'KLEBER SOUZA' WHERE CPF = '14373498755';
UPDATE CLIENTE SET COD_USUARIO = 10 WHERE COD_CLIENTE = 3;

DELETE FROM CLIENTE WHERE COD_CLIENTE = 3;
DELETE FROM CLIENTE WHERE ENDERECO LIKE '%3';
DELETE FROM CLIENTE WHERE TELEFONE LIKE '%617';
DELETE FROM CLIENTE WHERE COD_USUARIO = 8;
DELETE FROM CLIENTE WHERE COD_CLIENTE = 4;

--ESTOQUE--
SELECT COD_ESTOQUE ,COD_LOJA  FROM ESTOQUE ORDER BY COD_PRODUTO DESC;
SELECT COD_PRODUTO  FROM ESTOQUE ORDER BY QTD_PRODUTO DESC;
SELECT COD_ESTOQUE  FROM ESTOQUE WHERE COD_PRODUTO = 1;
SELECT * FROM ESTOQUE e ;

INSERT INTO ESTOQUE(COD_ESTOQUE,COD_PRODUTO,COD_LOJA,QTD_PRODUTO)
VALUES(1,5,7,6);
INSERT INTO ESTOQUE(COD_ESTOQUE,COD_PRODUTO,COD_LOJA,QTD_PRODUTO)
VALUES(6,2,5,2);
INSERT INTO ESTOQUE(COD_ESTOQUE,COD_PRODUTO,COD_LOJA,QTD_PRODUTO)
VALUES(32,14,4,4);
INSERT INTO ESTOQUE(COD_ESTOQUE,COD_PRODUTO,COD_LOJA,QTD_PRODUTO)
VALUES(3,11,21,1);

UPDATE ESTOQUE SET COD_PRODUTO = 3 WHERE QTD_PRODUTO < 3;
UPDATE ESTOQUE SET QTD_PRODUTO = 10 WHERE COD_LOJA = 6;
UPDATE ESTOQUE SET COD_PRODUTO = 2 WHERE ESTOQUE.COD_ESTOQUE = 3;
UPDATE ESTOQUE SET COD_PRODUTO = 5,QTD_PRODUTO = 3 WHERE COD_ESTOQUE = 32;
UPDATE ESTOQUE SET COD_LOJA = 1  WHERE COD_ESTOQUE  = 1;

DELETE FROM ESTOQUE WHERE COD_PRODUTO = 5;
DELETE FROM ESTOQUE WHERE QTD_PRODUTO <= 2;
DELETE FROM ESTOQUE WHERE COD_ESTOQUE = 3;
DELETE FROM ESTOQUE WHERE COD_LOJA = COD_ESTOQUE ;
--FORNECEDOR--
SELECT * FROM FORNECEDOR f ;



INSERT INTO FORNECEDOR (COD_FORNECEDOR,NOME,EMAIL,ENDERECO,CNPJ,TELEFONE)
VALUES(1,'MARIA EDUARDA','Maria_edu@gmail.com','R.LA 75','65.654.820.1995.35','9765982981'),
(2,'João paulo','Juca659@gmail.com','R.LN 54','73.764.856.2002.56','978453690'),
(3,'José Carlos Soares','JSoares@yahoo.com','R.CA 87','87.41.680.651.1975.13','972306842'),
(4,'Melissa Aline','Mel01@email.com','R.CA 84','65.876.435.2001.25','967429089'),
(5,'Kathleen Pereira','Kath23@outlook.com','R.FE 34','76.345.338.1998.535','9459843025')

UPDATE FORNECEDOR SET COD_FORNECEDOR = 10 WHERE CNPJ LIKE '%.35';
UPDATE FORNECEDOR SET EMAIL = 'Juca874@gmail.com' WHERE COD_FORNECEDOR = 2;
UPDATE FORNECEDOR SET TELEFONE = '995237642' WHERE COD_FORNECEDOR = 5;
UPDATE FORNECEDOR SET CNPJ ='01.542.876.1975.45' WHERE NOME = 'Melissa Aline';

DELETE FROM FORNECEDOR WHERE CNPJ LIKE '65.654%';
DELETE FROM FORNECEDOR WHERE COD_FORNECEDOR = 5;
DELETE FROM FORNECEDOR WHERE NOME LIKE '%Soares';
DELETE FROM FORNECEDOR  WHERE TELEFONE = '967429089';
DELETE FROM FORNECEDOR WHERE EMAIL = 'Juca659@gmail.com';

--ITENS_PEDIDO--
SELECT * FROM ITENS_PEDIDO ip ;
SELECT COD_ITENS_PEDIDO AS 'ITENS_PEDIDO', COD_PEDIDO AS 'C.PEDIDO',COD_PRODUTO AS 'C.PRODUTO',QTD_PRODUTO  FROM ITENS_PEDIDO ip ;
SELECT COD_PRODUTO FROM ITENS_PEDIDO ip WHERE QTD_PRODUTO >= 10;
SELECT COD_PEDIDO FROM ITENS_PEDIDO ip WHERE COD_PRODUTO = 3;
SELECT * FROM ITENS_PEDIDO ip WHERE COD_ITENS_PEDIDO = 5;

INSERT INTO ITENS_PEDIDO(COD_ITENS_PEDIDO,COD_PEDIDO,COD_PRODUTO,QTD_PRODUTO)
VALUES(1,43,5,15),
(2,14,3,2),
(3,7,1,6),
(4,8,20,100);

UPDATE ITENS_PEDIDO SET QTD_PRODUTO = 75 WHERE COD_ITENS_PEDIDO  = 4;
UPDATE ITENS_PEDIDO SET COD_PRODUTO = 18 WHERE COD_PEDIDO = 8;
UPDATE ITENS_PEDIDO SET COD_ITENS_PEDIDO = 3,COD_PEDIDO = 7 WHERE COD_ITENS_PEDIDO = 1 AND COD_PEDIDO = 8;
UPDATE ITENS_PEDIDO SET COD_PRODUTO = 12 WHERE COD_ITENS_PEDIDO = 2;

DELETE FROM ITENS_PEDIDO WHERE COD_ITENS_PEDIDO = 3;
DELETE FROM ITENS_PEDIDO WHERE QTD_PRODUTO > 15;
DELETE FROM ITENS_PEDIDO WHERE COD_PEDIDO = 43;
DELETE FROM ITENS_PEDIDO WHERE COD_ITENS_PEDIDO = 2;

--LOJA--
SELECT * FROM LOJA l ;
SELECT NOME FROM LOJA l WHERE ENDERECO LIKE '%EUSTÁQUIO%';
SELECT NOME,ENDERECO,COD_LOJA  FROM LOJA ORDER BY CAST(COD_LOJA AS SIGNED) ASC;
SELECT COD_LOJA ,NOME ,ENDERECO  FROM LOJA l WHERE CAST(COD_LOJA AS SIGNED)>= 2 ORDER BY NOME ASC; 

INSERT INTO LOJA (COD_LOJA,NOME,ENDERECO,TELEFONE)
VALUES(1,'D.RAIA CAIÇARAS','ALTO CAIÇARAS 65','9654789836'),
(2,'SUPRILAR CALIFÓRNIA','C.CALIFORNIA 856','9643876590'),
(3,'POSTO SHELL 5','P.EUSTÁQUIO 34','9754879407'),
(13,'SUPERMECADO EPA','P.EUSTÁQUIO 67','976598269');

UPDATE LOJA SET NOME = 'D.OLVALDO' WHERE ENDERECO = 'ALTO CAIÇARAS 65';
UPDATE LOJA SET TELEFONE = '965487682' WHERE COD_LOJA = 2;
UPDATE LOJA SET ENDERECO = 'P.EUSTÁQUIO 97', NOME ='P.EUSTÁQUIO 97' WHERE ENDERECO = 'P.EUSTÁQUIO 34';
UPDATE LOJA SET TELEFONE = '965489725' WHERE COD_LOJA = 13;

DELETE FROM LOJA WHERE COD_LOJA IN (1,2);
DELETE FROM LOJA WHERE ENDERECO LIKE 'P.EUSTÁQUIO%' AND COD_LOJA = 3;
DELETE FROM LOJA WHERE NOME = 'SUPERMECADO EPA' AND COD_LOJA = 13;

--PEDIDO--
SELECT * FROM PEDIDO p ;
SELECT COD_PEDIDO AS PEDIDO,COD_CLIENTE AS CLIENTE ,VLR_PEDIDO AS VALOR  FROM PEDIDO p WHERE STATUS = 2 ORDER BY COD_PEDIDO ASC;
SELECT COD_CLIENTE ,COD_PEDIDO,"DATA" FROM PEDIDO p WHERE "DATA" BETWEEN '2023-11-01' AND '2024-03-01' ORDER BY "DATA" ASC;
SELECT * FROM PEDIDO p WHERE TEMPO_ESPERA > '00:35';

INSERT INTO PEDIDO (COD_PEDIDO,COD_CLIENTE,COD_VENDEDOR,COD_LOJA,STATUS,TEMPO_ESPERA,VLR_PEDIDO,"DATA")
VALUES(1,2,5,13,2,'01:00',50,'2023-11-29'),
(2,6,3,13,1,'02:20',20,'2023-08-05'),
(6,2,1,2,2,'00:35',150,'2023-09-10'),
(3,4,5,13,2,'00:15',25,'2023-05-10');

UPDATE PEDIDO SET VLR_PEDIDO = 30 WHERE COD_PEDIDO = 2;
UPDATE PEDIDO SET COD_CLIENTE = 3 WHERE COD_PEDIDO = 6;
UPDATE PEDIDO SET STATUS = 5 WHERE COD_PEDIDO = 1 AND NOT "DATA" = '2023-11-29';
UPDATE PEDIDO SET TEMPO_ESPERA = '00:50' WHERE COD_PEDIDO = 6;
UPDATE PEDIDO SET "DATA" = '2023-11-18' WHERE COD_PEDIDO = 2;

DELETE FROM PEDIDO WHERE COD_PEDIDO = 3;
DELETE FROM PEDIDO WHERE STATUS = 1;
DELETE FROM PEDIDO WHERE TEMPO_ESPERA >= '01:00';
DELETE FROM PEDIDO WHERE COD_CLIENTE = 2;
DELETE FROM PEDIDO WHERE COD_PEDIDO =3 AND COD_CLIENTE = 4;

--PRODUTO--
SELECT * FROM PRODUTO p ;
SELECT COD_PRODUTO , NOME ,VLR_PRODUTO FROM PRODUTO p WHERE COD_PRODUTO <=10;

INSERT INTO PRODUTO (COD_PRODUTO,COD_FORNECEDOR,NOME,VLR_PRODUTO)
VALUES(1,4,'COCA-COLA 2L',12.00),
(2,4,'PEPSI 2L',4.50),
(3,4,'FANTA 2L',5.00),
(4,4,'GAURANÁ ATÁRTICA 1.5L',4.50),
(5,4,'SKOL 350ML',3.50),
(6,4,'BRAHMA 350ML',3.75),
(11,3,'PIZZA MARGHERITA',25.00),
(12,3,'PIZZA PEPPERONI',50.00),
(13,3,'PIZZA 4 QUEIJOS',45.00),
(14,3,'PIZZA CHOCOLATE',85.00),
(15,3,'PIZZA CALABRESA',55.00),
(16,3,'PIZZA REINO DUPLO',125.00),
(17,3,'PIZZA VULCÃO DE QUEIJO',95.00);

UPDATE PRODUTO SET VLR_PRODUTO = 20.00 WHERE COD_PRODUTO = 11;
UPDATE PRODUTO SET NOME = 'FANTA 2L' ,VLR_PRODUTO = 5.00 WHERE COD_PRODUTO = 1 OR VLR_PRODUTO = 12.00;
UPDATE PRODUTO SET COD_FORNECEDOR = 8 WHERE COD_PRODUTO <= 10;-- Não consegui modificar cod_fornecedor, WHERE não está correto,tentei várias maneiras mas ambas falharam
UPDATE PRODUTO SET COD_PRODUTO = 9 WHERE VLR_PRODUTO = 4.5;

DELETE FROM PRODUTO WHERE COD_PRODUTO BETWEEN 1 AND 10; --Não consegui remover todas as colunas,somentos com cod_produto 1,a sintaxe está correta aceito feedback para resolver
DELETE FROM PRODUTO WHERE NOME LIKE '%PEPSI%';
DELETE FROM PRODUTO WHERE VLR_PRODUTO >= 50;
DELETE FROM PRODUTO WHERE COD_PRODUTO = 13;
DELETE FROM PRODUTO WHERE COD_PRODUTO >= 1;

--RELATORIO--
SELECT * FROM RELATORIO r ORDER BY COD_RELATORIO ASC;
SELECT COD_RELATORIO AS RELATORIO ,VLR_TOTAL,DATA_INICIO AS INICIO ,DATA_FIM AS FIM FROM RELATORIO r WHERE COD_LOJA = 8;
SELECT COD_LOJA ,VLR_TOTAL  FROM RELATORIO r WHERE DATA_FIM > '2010-01-01' ORDER BY VLR_TOTAL DESC;
SELECT * FROM RELATORIO r WHERE COD_RELATORIO = 46 ORDER BY VLR_TOTAL DESC;

INSERT INTO RELATORIO (COD_RELATORIO,COD_LOJA,VLR_TOTAL,DATA_INICIO,DATA_FIM)
VALUES(1,4,5700,'2023-11-01','2025-12-29'),
(2,8,45000,'2002-01-01','2005-06-01'),
(3,1,150000,'1995-01-10','2013-12-29'),
(46,8,75000,'2000-01-01','2009-03-15');

UPDATE RELATORIO SET VLR_TOTAL = 15675 WHERE COD_LOJA = 4;
UPDATE RELATORIO SET COD_LOJA = 5 WHERE COD_RELATORIO = 35;
UPDATE RELATORIO SET DATA_FIM = '2024-07-10' WHERE COD_RELATORIO = 1 AND COD_LOJA = 4;
UPDATE RELATORIO SET VLR_TOTAL = 175000 WHERE COD_RELATORIO = 3;

DELETE FROM RELATORIO WHERE VLR_TOTAL <=30000;
DELETE FROM RELATORIO WHERE DATA_INICIO <= '1900-01-01';
DELETE FROM RELATORIO WHERE DATA_INICIO <= '2000-01-29';
DELETE FROM RELATORIO WHERE COD_RELATORIO = 2;

--USUARIO--
SELECT * FROM USUARIO u ;
SELECT COD_USUARIO, LOGIN ,SENHA FROM USUARIO WHERE COD_USUARIO NOT NULL ORDER BY COD_USUARIO  ASC;
SELECT LOGIN ,SENHA FROM USUARIO u WHERE COD_USUARIO = 45;
SELECT COD_USUARIO ,EMAIL,LOGIN FROM USUARIO u WHERE COD_USUARIO > 10;--Aparenta erro na busca,está incluindo cod_usuario menor que 10. 

INSERT INTO USUARIO (COD_USUARIO,LOGIN,SENHA,EMAIL)
VALUES(1,'Carlos634','113426251','carlosedu@gmail.com'),
(2,'jcorg7823','236899795','joseflores@gmail.com'),
(45,'Melissa187','118837085','MelAline@gmail.com'),
(5,'Nick642','658940843','NickAlves@gmail.com'),
(8,'JAramuni','823798541','JoãoAramuni65@yahoo.com');

UPDATE USUARIO SET LOGIN = 'Nick9347' ,SENHA = '875492129' WHERE COD_USUARIO = 5;
UPDATE USUARIO SET EMAIL = 'Carloseduardo75@gmail.com' WHERE COD_USUARIO = 1;
UPDATE USUARIO SET SENHA = '754810293' WHERE LOGIN ='JAramuni';
UPDATE USUARIO SET COD_USUARIO = 15 WHERE EMAIL = 'joseflores@gmail.com';

DELETE FROM USUARIO WHERE COD_USUARIO = 45;
DELETE FROM USUARIO WHERE LOGIN ='Nick642' AND EMAIL = 'Nickalves@gmail.com';
DELETE FROM USUARIO WHERE SENHA LIKE '%9795' AND LOGIN ='jcorg7823';
DELETE FROM USUARIO WHERE COD_USUARIO BETWEEN 1 AND 10;

--VENDEDOR--
SELECT * FROM VENDEDOR v ;

INSERT INTO VENDEDOR (COD_VENDEDOR,COD_USUARIO,COD_LOJA,NOME,CPF,ENDERECO,TELEFONE,ADMIN)
VALUES(1,3,4,'Júlia Souza','146-875-146-99','R.LU 45','975462948',0),
(2,5,4,'Júlio Antônio','127-765-093-99','R.GE 12','927346123',0),
(3,8,7,'Marcos Pinheiro','821-358-831-99','R.LK 90','985740129',1),
(4,2,1,'Guilherme Pinto','182-738-649-98','R.FS 54','923541394',0);

UPDATE VENDEDOR SET COD_LOJA = 1 WHERE COD_VENDEDOR = 2;

DELETE FROM VENDEDOR WHERE COD_USUARIO = 5 ;
DELETE FROM VENDEDOR WHERE NOME LIKE 'Júlia%';
DELETE FROM VENDEDOR WHERE ADMIN = 0;
DELETE FROM VENDEDOR WHERE COD_VENDEDOR = NULL;

SELECT C.COD_CLIENTE,C.COD_USUARIO,C.NOME,P.COD_LOJA,P.STATUS,P.VLR_PEDIDO ,P."DATA" ,P.COD_VENDEDOR ,P.TEMPO_ESPERA ,P2.COD_PRODUTO,IP.QTD_PRODUTO,P2.NOME,P2.VLR_PRODUTO,P.VLR_PEDIDO 
FROM PEDIDO p 
INNER JOIN CLIENTE c ON C.COD_CLIENTE = P.COD_CLIENTE 
INNER JOIN VENDEDOR v ON V.COD_VENDEDOR  = P.COD_VENDEDOR 
INNER JOIN ITENS_PEDIDO ip ON IP.COD_PEDIDO = P.COD_PEDIDO 
INNER JOIN PRODUTO p2 ON P2.COD_PRODUTO  = ip.COD_PRODUTO ;

